{"cameraMode":{"drawMode":0,"name":"Shaded","section":"Shading Mode"},"sceneLighting":false,"audioPlay":false,"sceneViewState":{"showFog":true,"showMaterialUpdate":false,"showSkybox":false,"showFlares":true,"showImageEffects":true,"showParticleSystems":true},"in2DMode":false,"pivot":{"x":-0.679092526435852,"y":-1.3809919357299805,"z":4.215026378631592},"rotation":{"x":0.10362014919519425,"y":0.008946613408625126,"z":-0.00093238172121346,"w":0.9945850372314453},"size":14.080877304077149,"orthographic":false}