{"cameraMode":{"drawMode":0,"name":"Shaded","section":"Shading Mode"},"sceneLighting":true,"audioPlay":false,"sceneViewState":{"showFog":true,"showMaterialUpdate":false,"showSkybox":true,"showFlares":true,"showImageEffects":true,"showParticleSystems":true},"in2DMode":false,"pivot":{"x":290.6777648925781,"y":413.06390380859377,"z":214.45542907714845},"rotation":{"x":0.027304334565997125,"y":0.013491022400557995,"z":-0.0003721257671713829,"w":0.9995526671409607},"size":872.3949584960938,"orthographic":false}